Alicante	Amsterdam	10500	28.99
Alicante	Bari	8400	133.99
Alicante	Belfast	11400	99.99
Alicante	Birmingham	9900	58.99
Alicante	Bordeaux	5700	70.99
Alicante	Bremen	10800	314.21
Alicante	Bristol	9000	130.99
Alicante	Brussels	9000	54.74
Alicante	Bucharest	12780	129.99
Alicante	Budapest	10920	64.99
Alicante	Cluj-napoca	12240	144.99
Alicante	Cologne	9600	64.99
Alicante	Copenhagen	12300	51.99
Alicante	Dublin	10500	185.99
Alicante	Edinburgh	11400	60.99
Alicante	Eindhoven	9600	67.74
Alicante	Gdansk	12600	154.99
Alicante	Geneva	7800	14.99
Alicante	Gothenborg	12900	252.49
Alicante	Hamburg	10800	83.49
Alicante	Helsinki	15900	241.99
Alicante	Karlsruhe	8400	85.99
Alicante	Kaunas	13800	124.74
Alicante	Krakow	11400	230.59
Alicante	Leeds	10200	38.99
Alicante	Liverpool	9900	39.99
Alicante	London	9900	35.99
Alicante	Manchester	10800	25.49
Alicante	Marseille	5700	56.99
Alicante	Milan	7200	343.11
Alicante	Newcastle	10800	174.99
Alicante	Nuernberg	9300	64.99
Alicante	Paris	8400	164.6
Alicante	Porto	6000	28.99
Alicante	Poznan	11400	72.74
Alicante	Sevilla	4500	58.64
Alicante	Sofia	11700	69.99
Alicante	Stockholm	15000	80.49
Alicante	Toulouse	4800	56.99
Alicante	Venice	8100	22.55
Alicante	Vienna	10200	135.49
Alicante	Warsaw	12900	82.59
Amsterdam	Alicante	9300	64.44
Amsterdam	Belfast	6000	104.42
Amsterdam	Birmingham	5400	79.42
Amsterdam	Bristol	4800	62.42
Amsterdam	Copenhagen	5700	79.42
Amsterdam	Dublin	6300	43.59
Amsterdam	Dubrovnik	8400	79.42
Amsterdam	Edinburgh	5700	76.92
Amsterdam	Geneva	5400	82.92
Amsterdam	Lisbon	11100	64.42
Amsterdam	Liverpool	5100	302.42
Amsterdam	London	4200	78.42
Amsterdam	Malaga	10800	96.79
Amsterdam	Manchester	4800	81.42
Amsterdam	Milan	5700	72.42
Amsterdam	Naples	8700	117.44
Amsterdam	Nice	6900	118.92
Amsterdam	Palermo	10200	170.42
Amsterdam	Prague	5400	98.42
Amsterdam	Rome	8100	170.44
Amsterdam	Split	7800	76.92
Amsterdam	Venice	6600	52.92
Ancona	Brussels	6900	76.59
Ancona	Krakow	6000	51.99
Ancona	London	8400	101.74
Antalya	Bristol	17100	125.99
Antalya	Geneva	13500	174.99
Antalya	Liverpool	18000	131.99
Antalya	London	15900	93.49
Antalya	Manchester	17400	254.49
Athens	Bologna	8400	90.8
Athens	Bristol	14700	75.49
Athens	Brussels	12300	49.49
Athens	Budapest	7380	34.99
Athens	Cologne	11700	44.99
Athens	Dublin	16500	90.39
Athens	Edinburgh	15600	89.99
Athens	Geneva	10800	59.99
Athens	Katowice	8880	79.99
Athens	Krakow	8700	41.99
Athens	London	14100	255.99
Athens	Manchester	15300	56.99
Athens	Milan	9300	32.99
Athens	Naples	6300	40.99
Athens	Rome	8700	33.99
Athens	Vienna	8700	49.49
Athens	Vilnius	11100	48.99
Athens	Warsaw	9600	50.49
Barcelona	Belfast	10200	38.49
Barcelona	Birmingham	9000	34.29
Barcelona	Bologna	6600	167.49
Barcelona	Bordeaux	4200	12.99
Barcelona	Bristol	9000	83.99
Barcelona	Brussels	8100	171.99
Barcelona	Bucharest	11280	79.99
Barcelona	Budapest	9300	40.1
Barcelona	Cluj-napoca	10560	64.99
Barcelona	Cologne	8400	60.99
Barcelona	Dublin	9000	126.49
Barcelona	Edinburgh	10500	138.19
Barcelona	Eindhoven	9000	19.99
Barcelona	Gdansk	10860	54.99
Barcelona	Geneva	6300	40.49
Barcelona	Karlsruhe	6600	41.99
Barcelona	Katowice	9840	24.99
Barcelona	Krakow	10200	77.24
Barcelona	Lisbon	7200	31.79
Barcelona	Liverpool	9600	65.49
Barcelona	London	8700	361.75
Barcelona	Luxemburg	7800	94.99
Barcelona	Lyon	5400	252.99
Barcelona	Malaga	6000	19.27
Barcelona	Manchester	9900	26.99
Barcelona	Milan	6300	32.99
Barcelona	Naples	7200	55.24
Barcelona	Nice	5100	19.49
Barcelona	Nuernberg	7200	61.99
Barcelona	Palermo	6900	200.99
Barcelona	Paris	7500	90.99
Barcelona	Perugia	6900	32.99
Barcelona	Pisa	5100	18.39
Barcelona	Poitiers	5700	62.99
Barcelona	Porto	7200	14.99
Barcelona	Prague	9000	39.99
Barcelona	Rabat	7200	61.99
Barcelona	Riga	13200	91.62
Barcelona	Rome	6600	24.99
Barcelona	Sevilla	6300	23.67
Barcelona	Sofia	10500	27.49
Barcelona	Stockholm	13500	53.49
Barcelona	Tallinn	14400	102.62
Barcelona	Timisoara	9660	99.99
Barcelona	Turin	6000	17.79
Barcelona	Venice	7200	93.99
Barcelona	Vienna	9000	48.37
Barcelona	Vilnius	12900	78.99
Barcelona	Warsaw	10800	39.99
Bari	Alicante	9300	64.99
Bari	Bologna	4800	26.39
Bari	Bordeaux	9300	81.99
Bari	Brussels	8700	22.55
Bari	Bucharest	6180	34.99
Bari	Budapest	5700	50.99
Bari	Cagliari	5100	41.79
Bari	Catania	4200	156.99
Bari	Cluj-napoca	6120	19.99
Bari	Dublin	12300	123.69
Bari	Edinburgh	12900	47.99
Bari	Genoa	5400	86.89
Bari	Karlsruhe	7200	143.99
Bari	Krakow	6600	53.74
Bari	London	10500	76.99
Bari	Madrid	11100	60.49
Bari	Marseille	6900	70.99
Bari	Milan	5700	19.49
Bari	Nuernberg	6900	51.99
Bari	Palermo	3900	199.53
Bari	Paris	9300	103.99
Bari	Pisa	4800	79.33
Bari	Porto	12000	183.49
Bari	Prague	6900	21.24
Bari	Rome	3900	27.49
Bari	Sevilla	11400	43.99
Bari	Sofia	4800	35.99
Bari	Timisoara	5220	14.99
Bari	Trieste	4800	29.69
Bari	Turin	6000	21.33
Bari	Valencia	9000	28.49
Bari	Venice	4800	34.09
Bari	Vienna	5400	28.1
Bari	Warsaw	7800	32.79
Belfast	Alicante	10800	122.18
Belfast	Amsterdam	5700	89.23
Belfast	Barcelona	9300	53.9
Belfast	Birmingham	3900	27.54
Belfast	Bristol	3900	39.51
Belfast	Edinburgh	3300	48.5
Belfast	Krakow	10200	132.95
Belfast	Leeds	3900	27.54
Belfast	Liverpool	3000	75.45
Belfast	London	4500	27.54
Belfast	Malaga	11100	51.49
Belfast	Manchester	3300	47.9
Belfast	Newcastle	3300	39.51
Belfast	Paris	6300	101.81
Bilbao	Bristol	6300	51.49
Bilbao	Geneva	5700	26.49
Bilbao	London	6900	60.99
Bilbao	Manchester	7800	26.49
Birmingham	Alicante	9300	25.0949
Birmingham	Amsterdam	5100	124.57
Birmingham	Barcelona	7800	76.6883
Birmingham	Belfast	3600	52.09
Birmingham	Bordeaux	6000	15.7582
Birmingham	Bucharest	11700	84.5501
Birmingham	Budapest	9540	59.3307
Birmingham	Bydgoszcz	8100	42.2128
Birmingham	Cluj-napoca	11040	25.0949
Birmingham	Dublin	3900	26.2361
Birmingham	Edinburgh	4200	29.94
Birmingham	Gdansk	7800	120.9553
Birmingham	Geneva	6000	27.54
Birmingham	Krakow	8700	82.1546
Birmingham	Madrid	8700	115.4036
Birmingham	Malaga	10200	63.6102
Birmingham	Milan	6900	127.9735
Birmingham	Porto	8400	42.2693
Birmingham	Poznan	7500	78.2651
Birmingham	Sofia	11700	91.4064
Birmingham	Vilnius	10200	37.6984
Birmingham	Warsaw	8400	71.9801
Bologna	Athens	7800	89.49
Bologna	Barcelona	6300	26.49
Bologna	Bari	4500	31.06
Bologna	Brussels	6600	42.99
Bologna	Bucharest	7500	40.39
Bologna	Budapest	5400	25.49
Bologna	Cagliari	5100	27.49
Bologna	Catania	6000	21.44
Bologna	Cluj-napoca	6840	89.99
Bologna	Cologne	6000	22.39
Bologna	Copenhagen	8100	117.49
Bologna	Dublin	10500	90.99
Bologna	Edinburgh	10200	69.49
Bologna	Eindhoven	6900	55.49
Bologna	Krakow	6000	19.99
Bologna	Lisbon	11100	25.74
Bologna	London	8400	34.99
Bologna	Madrid	9000	21.49
Bologna	Malaga	9600	24.99
Bologna	Manchester	9000	35.99
Bologna	Nuernberg	4800	46.99
Bologna	Palermo	5400	29.14
Bologna	Paris	6900	20.49
Bologna	Porto	10200	34.99
Bologna	Sevilla	9900	58.99
Bologna	Sofia	6600	14.99
Bologna	Stockholm	10200	37.79
Bologna	Thessaloniki	6900	53.49
Bologna	Timisoara	5940	34.99
Bologna	Valencia	7500	341.99
Bologna	Vienna	4800	53.74
Bologna	Warsaw	7320	44.99
Bordeaux	Alicante	5700	81.99
Bordeaux	Barcelona	5100	52.99
Bordeaux	Bari	8400	38.99
Bordeaux	Birmingham	6300	57.99
Bordeaux	Bristol	5700	38.35
Bordeaux	Brussels	5700	9.99
Bordeaux	Budapest	9000	58.99
Bordeaux	Dublin	7200	58.99
Bordeaux	Edinburgh	7800	74.99
Bordeaux	Geneva	4800	37.35
Bordeaux	Lille	5400	37.35
Bordeaux	Lisbon	6600	85.85
Bordeaux	London	6000	54.85
Bordeaux	Lyon	4200	26.35
Bordeaux	Madrid	5100	70.49
Bordeaux	Malaga	6600	67.99
Bordeaux	Manchester	6900	27.79
Bordeaux	Marseille	4200	30.35
Bordeaux	Milan	5700	13.99
Bordeaux	Naples	7800	60.99
Bordeaux	Nice	4800	24.85
Bordeaux	Pisa	6000	57.99
Bordeaux	Porto	6000	26.35
Bordeaux	Prague	8100	65.99
Bordeaux	Rome	7200	70.99
Bordeaux	Sevilla	6300	52.99
Bordeaux	Valencia	5700	27.99
Bordeaux	Venice	6600	16.99
Bratislava	Brussels	6600	67.99
Bratislava	Copenhagen	6300	20.49
Bratislava	Dublin	10800	32.99
Bratislava	Edinburgh	10200	45.49
Bratislava	Eindhoven	6900	17.99
Bratislava	Leeds	9000	73.49
Bratislava	London	8400	70.99
Bratislava	Manchester	9300	30.99
Bratislava	Milan	5100	24.99
Bratislava	Rome	6000	23.99
Bratislava	Sofia	5700	29.99
Bratislava	Thessaloniki	6300	71.99
Bratislava	Zagreb	3300	42.99
Bremen	Alicante	10500	120.69
Bremen	London	5100	30.24
Bremen	Vienna	5400	32.39
Bremen	Vilnius	6600	29.39
Bristol	Alicante	8700	68.4603
Bristol	Amsterdam	4800	85.04
Bristol	Antalya	16200	489.94
Bristol	Athens	13500	35.92
Bristol	Barcelona	7200	59.2637
Bristol	Belfast	4200	44.31
Bristol	Bilbao	6300	97.62
Bristol	Bordeaux	5400	39.51
Bristol	Bucharest	11700	241.4207
Bristol	Budapest	9300	206.5449
Bristol	Catania	11400	130.56
Bristol	Cologne	5100	61.5435
Bristol	Copenhagen	6900	80.25
Bristol	Dublin	3900	127.8833
Bristol	Dubrovnik	10200	77.85
Bristol	Edinburgh	4500	28.74
Bristol	Gdansk	8400	42.2128
Bristol	Geneva	6000	62.28
Bristol	Katowice	9240	25.0949
Bristol	Kaunas	9900	82.1546
Bristol	Krakow	9300	51.04
Bristol	Lisbon	9000	62.28
Bristol	Lyon	6000	55.09
Bristol	Madrid	8100	70.6628
Bristol	Malaga	9600	51.3424
Bristol	Marseille	7200	161.71
Bristol	Milan	7200	24.1819
Bristol	Naples	9900	99.41
Bristol	Newcastle	3600	50.31
Bristol	Nice	7500	91.02
Bristol	Paris	5100	29.94
Bristol	Pisa	7800	45.51
Bristol	Porto	7500	40.12
Bristol	Poznan	7500	100.4137
Bristol	Prague	7500	145.68
Bristol	Riga	10500	77.8751
Bristol	Rome	9000	141.94
Bristol	Split	9300	170.09
Bristol	Toulouse	6300	29.94
Bristol	Valencia	8100	27.3773
Bristol	Venice	7500	99.2726
Bristol	Vienna	8400	33.0459
Bristol	Warsaw	8700	102.4679
Brussels	Alicante	9000	78.99
Brussels	Ancona	6600	160.19
Brussels	Athens	11400	59.99
Brussels	Barcelona	7200	127.99
Brussels	Bari	8100	59.99
Brussels	Bologna	5700	21.12
Brussels	Bordeaux	5400	57.99
Brussels	Bratislava	6300	84.99
Brussels	Bucharest	9900	19.74
Brussels	Budapest	7440	14.99
Brussels	Cagliari	8100	69.99
Brussels	Catania	9600	44.74
Brussels	Cluj-napoca	8940	19.99
Brussels	Dublin	6000	51.99
Brussels	Edinburgh	6000	221.99
Brussels	Geneva	4500	32.99
Brussels	Genoa	5700	27.99
Brussels	Helsinki	9900	60.99
Brussels	Kaunas	8100	32.99
Brussels	Krakow	6900	25.49
Brussels	Lisbon	10200	34.49
Brussels	Liverpool	5100	30.99
Brussels	Madrid	9000	123.99
Brussels	Malaga	10200	53.99
Brussels	Marseille	6000	51.99
Brussels	Milan	5400	30.99
Brussels	Naples	7800	103.39
Brussels	Nice	6000	38.99
Brussels	Nimes	6000	22.12
Brussels	Palermo	9000	45.99
Brussels	Perugia	6900	56.99
Brussels	Pisa	6000	32.79
Brussels	Porto	9000	37.79
Brussels	Poznan	6000	67.99
Brussels	Prague	5100	51.49
Brussels	Rabat	11400	28.74
Brussels	Riga	8700	49.19
Brussels	Rijeka	6300	51.99
Brussels	Rome	6900	28.99
Brussels	Sevilla	9600	60.99
Brussels	Sofia	9300	180.99
Brussels	Stockholm	8100	42.79
Brussels	Thessaloniki	9900	82.12
Brussels	Timisoara	8400	19.99
Brussels	Toulouse	6000	21.74
Brussels	Trieste	6000	71.99
Brussels	Turin	5400	24.99
Brussels	Valencia	8100	85.99
Brussels	Varna	11100	29.99
Brussels	Venice	5700	102.39
Brussels	Vienna	6300	24.24
Brussels	Warsaw	6900	42.99
Brussels	Zagreb	6600	51.99
Brussels	Zaragoza	7500	27.49
Bucharest	Alicante	12780	191.6922
Bucharest	Barcelona	11280	175.4602
Bucharest	Bari	6180	79.4575
Bucharest	Birmingham	13200	270.49
Bucharest	Bologna	7620	20.194
Bucharest	Bristol	12900	228.99
Bucharest	Brussels	10200	65.1404
Bucharest	Catania	7800	24.3
Bucharest	Copenhagen	9360	89.6197
Bucharest	Dortmund	9420	89.6447
Bucharest	Dublin	14400	67.99
Bucharest	Edinburgh	13260	65.1223
Bucharest	Eindhoven	10080	120.275
Bucharest	Geneva	9420	24.3
Bucharest	Genoa	9600	20.99
Bucharest	Hamburg	9300	99.754
Bucharest	Lisbon	15720	175.2326
Bucharest	Liverpool	12720	60.99
Bucharest	London	12300	34.79
Bucharest	Lyon	9780	20.194
Bucharest	Madrid	13440	34.5101
Bucharest	Malaga	14580	50.8321
Bucharest	Malmoe	9180	14.0746
Bucharest	Manchester	13200	64.99
Bucharest	Marseille	10500	56.99
Bucharest	Milan	8400	14.99
Bucharest	Naples	7080	28.3841
Bucharest	Nice	9120	24.2736
Bucharest	Nuernberg	8040	71.189
Bucharest	Palermo	8400	120.54
Bucharest	Paris	10860	40.6362
Bucharest	Perugia	7800	83.99
Bucharest	Pisa	8100	61.74
Bucharest	Rome	7500	90.59
Bucharest	Sevilla	14880	109.9452
Bucharest	Sofia	4200	50.99
Bucharest	Thessaloniki	4500	21.99
Bucharest	Turin	8880	20.194
Bucharest	Valencia	12540	160.9402
Bucharest	Venice	7500	21.99
Bucharest	Vienna	6000	50.99
Bucharest	Zaragoza	12360	71.189
Budapest	Alicante	10920	89.8749
Budapest	Athens	7200	32.5494
Budapest	Barcelona	9300	49.2975
Budapest	Bari	5400	48.218
Budapest	Birmingham	9540	28.0536
Budapest	Bologna	5400	21.9025
Budapest	Bordeaux	9600	63.1991
Budapest	Bristol	10200	88.1237
Budapest	Brussels	7440	99.8108
Budapest	Cagliari	7500	51.4212
Budapest	Catania	7500	82.4109
Budapest	Copenhagen	6900	54.7575
Budapest	Dortmund	6660	34.8932
Budapest	Dublin	11700	52.5432
Budapest	Edinburgh	10500	69.9246
Budapest	Eindhoven	7260	29.9752
Budapest	Geneva	6900	43.02
Budapest	Gothenborg	7860	54.9003
Budapest	Lisbon	14100	207.0302
Budapest	Liverpool	9960	89.8749
Budapest	London	9000	51.4003
Budapest	Madrid	12000	52.1466
Budapest	Malaga	12660	129.8106
Budapest	Malmoe	6780	22.8534
Budapest	Manchester	10500	69.4153
Budapest	Marseille	8100	55.8638
Budapest	Milan	5700	29.8713
Budapest	Naples	6000	34.6931
Budapest	Nice	6960	80.0229
Budapest	Nuernberg	5400	66.427
Budapest	Palermo	7200	68.1345
Budapest	Paris	8400	49.6245
Budapest	Pisa	6000	34.2357
Budapest	Porto	13200	52.4807
Budapest	Poznan	4500	15.6193
Budapest	Prague	4500	61.6665
Budapest	Rome	6000	28.1743
Budapest	Sofia	4800	41.787
Budapest	Stockholm	8400	45.0084
Budapest	Thessaloniki	5700	67.0972
Budapest	Valencia	10800	39.7394
Budapest	Venice	5100	19.789
Budapest	Warsaw	6000	22.8413
Bydgoszcz	Birmingham	8400	59.6622
Bydgoszcz	Dublin	9900	58.931
Bydgoszcz	London	7500	47.0901
Cagliari	Bari	4800	20.89
Cagliari	Bologna	4800	24.19
Cagliari	Brussels	8400	152.99
Cagliari	Budapest	7500	49.24
Cagliari	Catania	4500	29.25
Cagliari	Dublin	11700	71.49
Cagliari	Geneva	6000	31.49
Cagliari	Karlsruhe	7200	44.99
Cagliari	Krakow	8700	32.24
Cagliari	London	10200	167.99
Cagliari	Madrid	8100	43.99
Cagliari	Milan	5400	20.23
Cagliari	Naples	4500	56.91
Cagliari	Nuernberg	7200	46.99
Cagliari	Palermo	3900	301.94
Cagliari	Paris	8400	120.99
Cagliari	Perugia	4500	26.39
Cagliari	Pisa	4200	46.19
Cagliari	Poznan	9300	81.99
Cagliari	Rome	3900	23.97
Cagliari	Sevilla	8700	25.99
Cagliari	Trieste	5400	89.09
Cagliari	Turin	5100	23.09
Cagliari	Valencia	6000	32.99
Cagliari	Venice	5400	36.29
Cagliari	Vienna	7200	55.99
Cagliari	Warsaw	9900	82.8
Catania	Bari	4200	19.57
Catania	Bologna	6000	22.32
Catania	Bristol	12900	270.99
Catania	Brussels	10200	80.99
Catania	Bucharest	7800	64.99
Catania	Budapest	7800	36.1
Catania	Cagliari	4800	49.49
Catania	Cluj-napoca	7980	19.99
Catania	Eindhoven	10800	78.19
Catania	Geneva	8400	31.99
Catania	Genoa	6300	109.71
Catania	Katowice	9000	37.99
Catania	London	12300	21.49
Catania	Lyon	8100	219.99
Catania	Madrid	10800	35.99
Catania	Milan	6900	27.99
Catania	Naples	3900	37.39
Catania	Paris	10500	106.49
Catania	Perugia	5400	51.69
Catania	Pisa	6000	21.99
Catania	Prague	8700	109.99
Catania	Rome	5100	39.59
Catania	Sevilla	11400	258.49
Catania	Sofia	6300	24.39
Catania	Trieste	6600	132.59
Catania	Turin	7200	31.89
Catania	Venice	6300	17.31
Catania	Vienna	7500	56.49
Catania	Warsaw	9900	29.24
Cluj-napoca	Alicante	12240	160.9402
Cluj-napoca	Barcelona	10560	120.1548
Cluj-napoca	Bari	6120	89.5472
Cluj-napoca	Birmingham	11040	40.592
Cluj-napoca	Bologna	6840	65.0754
Cluj-napoca	Brussels	8940	160.9544
Cluj-napoca	Catania	7980	109.9452
Cluj-napoca	Cologne	8160	71.189
Cluj-napoca	Dortmund	8100	54.8755
Cluj-napoca	Eindhoven	8760	30.3942
Cluj-napoca	Liverpool	11460	14.0746
Cluj-napoca	London	10800	31.99
Cluj-napoca	Lyon	8820	20.194
Cluj-napoca	Madrid	12660	30.3942
Cluj-napoca	Malaga	13980	89.5472
Cluj-napoca	Malmoe	7800	20.194
Cluj-napoca	Milan	7200	20.1958
Cluj-napoca	Naples	6840	60.99
Cluj-napoca	Nice	8340	20.194
Cluj-napoca	Nuernberg	6780	20.194
Cluj-napoca	Paris	9660	44.6756
Cluj-napoca	Rome	7020	24.2758
Cluj-napoca	Turin	7980	14.0746
Cluj-napoca	Valencia	11880	130.3483
Cluj-napoca	Venice	6360	14.0752
Cluj-napoca	Vienna	4860	71.189
Cluj-napoca	Zaragoza	11520	79.3513
Cologne	Alicante	9600	46.99
Cologne	Barcelona	7800	94.99
Cologne	Bologna	5400	22.55
Cologne	Bristol	5400	44.99
Cologne	Cluj-napoca	8160	29.99
Cologne	Copenhagen	5400	47.99
Cologne	Dublin	7200	42.74
Cologne	Gdansk	6180	22.99
Cologne	Katowice	5700	19.99
Cologne	Kaunas	7200	19.39
Cologne	Lisbon	11100	179.29
Cologne	London	4200	116.24
Cologne	Malaga	10800	51.74
Cologne	Manchester	5700	33.39
Cologne	Milan	5100	18.39
Cologne	Palermo	8700	120.64
Cologne	Porto	9900	68.74
Cologne	Riga	7500	32.99
Cologne	Rome	7200	30.99
Cologne	Sevilla	10500	79.49
Cologne	Sofia	8700	133.99
Cologne	Stockholm	7500	85.59
Cologne	Valencia	8700	115.99
Cologne	Varna	10320	204.99
Cologne	Vienna	5400	85.99
Cologne	Warsaw	6300	106.99
Copenhagen	Alicante	12300	33.0139
Copenhagen	Amsterdam	6000	22.46
Copenhagen	Bologna	7800	49.1465
Copenhagen	Bratislava	6240	13.2861
Copenhagen	Bristol	7500	113.55
Copenhagen	Bucharest	9360	19.9965
Copenhagen	Budapest	6600	39.0974
Copenhagen	Cologne	5100	79.0456
Copenhagen	Dublin	8400	17.3122
Copenhagen	Edinburgh	7200	128.3263
Copenhagen	Gdansk	3900	10.602
Copenhagen	Geneva	7200	257.6
Copenhagen	Kaunas	5100	39.0974
Copenhagen	Krakow	5700	29.6777
Copenhagen	London	7200	68.35
Copenhagen	Lyon	7800	88.13
Copenhagen	Madrid	12000	142.3089
Copenhagen	Malaga	13500	108.8252
Copenhagen	Manchester	7500	32.3872
Copenhagen	Milan	7500	116.6224
Copenhagen	Paris	7500	26.69
Copenhagen	Porto	12300	76.6742
Copenhagen	Prague	4800	119.8996
Copenhagen	Rome	9300	142.3089
Copenhagen	Sofia	9720	25.3647
Copenhagen	Turin	7800	67.0751
Copenhagen	Venice	7500	108.6778
Copenhagen	Warsaw	5340	109.9139
Debrecen	Eindhoven	7980	119.9235
Debrecen	Paris	8880	24.6054
Dortmund	Bucharest	9420	54.99
Dortmund	Budapest	6660	34.99
Dortmund	Cluj-napoca	8100	204.99
Dortmund	Gdansk	5880	49.99
Dortmund	Katowice	6000	39.99
Dortmund	Krakow	5700	45.99
Dortmund	London	4800	57.99
Dortmund	Porto	9900	318.76
Dortmund	Riga	3120	79.99
Dortmund	Sofia	9300	119.99
Dortmund	Thessaloniki	9300	25.49
Dortmund	Timisoara	7680	89.99
Dortmund	Varna	10320	159.99
Dortmund	Vienna	5100	88.99
Dortmund	Vilnius	7860	79.99
Dortmund	Zagreb	6300	19.24
Dresden	London	6900	38.99
Dublin	Alicante	10200	132.99
Dublin	Amsterdam	5700	76.99
Dublin	Athens	15300	83.99
Dublin	Barcelona	8700	51.49
Dublin	Bari	12000	139.69
Dublin	Birmingham	3900	9.99
Dublin	Bologna	9300	99.99
Dublin	Bordeaux	7200	91.99
Dublin	Bratislava	9900	34.49
Dublin	Bristol	3900	14.99
Dublin	Brussels	6000	245.24
Dublin	Bucharest	13200	77.2
Dublin	Budapest	10500	55.99
Dublin	Bydgoszcz	9300	44.99
Dublin	Cagliari	11400	45.99
Dublin	Cologne	6600	49.49
Dublin	Copenhagen	7800	32.49
Dublin	Dubrovnik	11700	128.79
Dublin	Edinburgh	3900	78.99
Dublin	Eindhoven	6300	48.99
Dublin	Gdansk	9300	284.84
Dublin	Gothenborg	8100	38.99
Dublin	Hamburg	7200	51.99
Dublin	Katowice	9600	40.99
Dublin	Kaunas	11100	66.99
Dublin	Kosice	10500	71.99
Dublin	Krakow	10200	63.99
Dublin	Leeds	3600	19.99
Dublin	Lisbon	10200	113.49
Dublin	Liverpool	3300	36.99
Dublin	Lodz	9600	29.99
Dublin	London	4200	9.99
Dublin	Lublin	10500	35.99
Dublin	Luxemburg	6600	28.99
Dublin	Madrid	9600	84.99
Dublin	Malaga	10500	27.99
Dublin	Manchester	3900	28.99
Dublin	Marseille	9000	41.99
Dublin	Milan	8700	53.99
Dublin	Nantes	5400	53.49
Dublin	Naples	11400	151.99
Dublin	Newcastle	4200	39.99
Dublin	Nice	9000	110.99
Dublin	Nimes	8400	64.99
Dublin	Nuernberg	7500	88.99
Dublin	Palermo	12600	24.99
Dublin	Paris	5700	58.49
Dublin	Pisa	9600	78.99
Dublin	Plovdiv	14100	64.99
Dublin	Porto	8700	111.99
Dublin	Poznan	8700	200.99
Dublin	Prague	8700	73.99
Dublin	Riga	10800	167.99
Dublin	Sevilla	10200	95.99
Dublin	Sofia	13200	357.24
Dublin	Split	10800	68.99
Dublin	Szczecin	8100	94.99
Dublin	Tallinn	11100	67.99
Dublin	Thessaloniki	14100	61.99
Dublin	Toulouse	7800	12.99
Dublin	Tours	6600	81.99
Dublin	Turin	8700	55.99
Dublin	Valencia	9300	51.99
Dublin	Vienna	9900	38.99
Dublin	Vilnius	11400	19.99
Dublin	Warsaw	9900	69.74
Dublin	Zagreb	10200	133.99
Dubrovnik	Amsterdam	9300	31.36
Dubrovnik	Bristol	10500	52.86
Dubrovnik	Dublin	12300	69.99
Dubrovnik	Edinburgh	12300	67.36
Dubrovnik	Geneva	6600	28.86
Dubrovnik	London	9900	57.86
Dubrovnik	Manchester	10800	85.36
Dubrovnik	Vienna	4800	52.99
Edinburgh	Alicante	11100	56.29
Edinburgh	Amsterdam	5400	70.66
Edinburgh	Athens	15000	87.43
Edinburgh	Barcelona	9900	63.8955
Edinburgh	Bari	12000	56.0029
Edinburgh	Belfast	2700	77.85
Edinburgh	Birmingham	4200	39.52
Edinburgh	Bologna	9300	22.8125
Edinburgh	Bordeaux	8100	96.9902
Edinburgh	Bratislava	9300	69.3162
Edinburgh	Bristol	4200	52.7
Edinburgh	Brussels	6300	75.0906
Edinburgh	Bucharest	12600	61.8234
Edinburgh	Budapest	10200	61.147
Edinburgh	Copenhagen	6600	70.1208
Edinburgh	Dublin	4200	134.1704
Edinburgh	Dubrovnik	11400	130.56
Edinburgh	Eindhoven	5700	77.1511
Edinburgh	Gdansk	8640	89.1333
Edinburgh	Geneva	7800	34.72
Edinburgh	Gothenborg	6300	23.7089
Edinburgh	Hamburg	6300	44.81
Edinburgh	Kaunas	9300	45.6364
Edinburgh	Krakow	9300	72.7333
Edinburgh	Lisbon	11400	29.9962
Edinburgh	London	4500	46.71
Edinburgh	Lyon	8100	34.72
Edinburgh	Madrid	10800	210.82
Edinburgh	Malaga	11700	61.6131
Edinburgh	Marseille	9000	55.9071
Edinburgh	Milan	9000	90.2973
Edinburgh	Nantes	6600	61.4328
Edinburgh	Naples	11400	52.69
Edinburgh	Nice	9600	74.26
Edinburgh	Nimes	9000	75.4364
Edinburgh	Palermo	12540	46.9372
Edinburgh	Paris	6600	84.44
Edinburgh	Pisa	9600	62.7543
Edinburgh	Poitiers	7200	56.098
Edinburgh	Porto	9600	22.8903
Edinburgh	Poznan	8100	28.7581
Edinburgh	Prague	8100	69.5528
Edinburgh	Riga	9300	34.809
Edinburgh	Rome	11100	65.6073
Edinburgh	Sevilla	10800	216.4106
Edinburgh	Sofia	12600	60.6783
Edinburgh	Toulouse	8400	26.3256
Edinburgh	Turin	8700	68.1214
Edinburgh	Valencia	10500	105.3368
Edinburgh	Venice	9900	70.66
Edinburgh	Vienna	9300	35.4863
Edinburgh	Warsaw	9720	89.1333
Eindhoven	Alicante	9000	49.99
Eindhoven	Barcelona	7500	67.74
Eindhoven	Bologna	5700	33.99
Eindhoven	Bratislava	6000	41.62
Eindhoven	Budapest	7260	54.99
Eindhoven	Catania	9600	45.99
Eindhoven	Cluj-napoca	8760	69.99
Eindhoven	Debrecen	7980	174.99
Eindhoven	Dublin	6300	14.99
Eindhoven	Edinburgh	6000	96.99
Eindhoven	Gdansk	6540	24.99
Eindhoven	Katowice	6660	39.99
Eindhoven	Kaunas	8220	99.99
Eindhoven	Krakow	6600	51.99
Eindhoven	Lisbon	10800	48.24
Eindhoven	London	3900	55.99
Eindhoven	Lublin	7740	224.99
Eindhoven	Madrid	9000	28.12
Eindhoven	Malaga	10500	148.74
Eindhoven	Manchester	5100	38.99
Eindhoven	Marseille	6300	73.99
Eindhoven	Milan	5400	43.99
Eindhoven	Naples	8100	134.74
Eindhoven	Pisa	6300	121.59
Eindhoven	Porto	9300	72.99
Eindhoven	Poznan	5880	44.99
Eindhoven	Rome	7800	39.24
Eindhoven	Sevilla	10200	33.87
Eindhoven	Sofia	9840	224.99
Eindhoven	Thessaloniki	9900	114.62
Eindhoven	Valencia	8700	134.99
Eindhoven	Varna	10980	159.99
Eindhoven	Venice	5700	44.24
Eindhoven	Vienna	6000	50.49
Eindhoven	Vilnius	8400	38.24
Eindhoven	Warsaw	6900	60.99
Eindhoven	Zagreb	6600	111.99
Gdansk	Alicante	13200	116.9914
Gdansk	Barcelona	10860	50.9242
Gdansk	Birmingham	9000	70.2691
Gdansk	Bristol	9300	47.9089
Gdansk	Cologne	6180	57.3164
Gdansk	Copenhagen	4500	12.0742
Gdansk	Dortmund	5880	21.0968
Gdansk	Dublin	10500	91.4195
Gdansk	Edinburgh	9000	26.4861
Gdansk	Eindhoven	6540	25.3666
Gdansk	Gothenborg	4500	31.7518
Gdansk	Hamburg	5100	23.2278
Gdansk	Krakow	4800	25.086
Gdansk	Leeds	8700	22.629
Gdansk	Liverpool	8640	25.3666
Gdansk	London	8700	17.5908
Gdansk	Lublin	3900	45.7992
Gdansk	Malmoe	3900	57.3414
Gdansk	Manchester	9300	29.7337
Gdansk	Milan	7800	44.5377
Gdansk	Newcastle	8100	61.1765
Gdansk	Oslo	5880	12.5728
Gdansk	Paris	8100	40.2757
Gdansk	Pisa	8400	34.8954
Gdansk	Stockholm	5400	26.2197
Gdansk	Valencia	12300	87.3834
Gdansk	Venice	7200	30.5541
Gdansk	Vienna	5400	15.3389
Gdansk	Vilnius	4500	23.2278
Geneva	Alicante	7200	41.97
Geneva	Amsterdam	6300	39.81
Geneva	Antalya	12600	48.97
Geneva	Athens	9900	69.44
Geneva	Barcelona	5100	34.42
Geneva	Bilbao	5700	107.15
Geneva	Birmingham	6600	89.91
Geneva	Bordeaux	4500	32.27
Geneva	Bristol	6600	120.62
Geneva	Brussels	4800	47.35
Geneva	Bucharest	9420	338.5183
Geneva	Budapest	6300	39.81
Geneva	Cagliari	5700	94.76
Geneva	Catania	7500	27.96
Geneva	Copenhagen	7800	43.05
Geneva	Dubrovnik	6300	45.2
Geneva	Edinburgh	8400	100.68
Geneva	Lille	4500	82.37
Geneva	Lisbon	9300	61.36
Geneva	Liverpool	7200	39.28
Geneva	London	6000	36.58
Geneva	Madrid	7500	55.98
Geneva	Malaga	8400	80.76
Geneva	Manchester	6600	90.98
Geneva	Nantes	5100	38.2
Geneva	Naples	6000	83.98
Geneva	Nice	3600	43.31
Geneva	Palermo	6600	39.28
Geneva	Paris	4200	39.28
Geneva	Porto	8400	101.77
Geneva	Prague	6000	51.12
Geneva	Rennes	5700	74.29
Geneva	Rome	5700	37.12
Geneva	Sevilla	8400	54.09
Geneva	Sofia	8760	34.8385
Geneva	Split	5700	40.89
Geneva	Stockholm	10200	170.17
Geneva	Toulouse	4200	51.92
Geneva	Valencia	6600	39.28
Genoa	Bari	5400	74.79
Genoa	Brussels	6000	22.99
Genoa	Bucharest	8400	20.49
Genoa	Catania	6300	40.69
Genoa	London	7800	37.99
Genoa	Naples	4800	37.39
Genoa	Palermo	5400	163.12
Genoa	Vienna	5400	11.74
Gothenborg	Alicante	12900	119.4867
Gothenborg	Budapest	7500	16.7586
Gothenborg	Dublin	8400	52.2674
Gothenborg	Edinburgh	6900	67.7482
Gothenborg	Gdansk	4200	34.23
Gothenborg	Kaunas	5700	21.9313
Gothenborg	Krakow	6300	38.7828
Gothenborg	London	6900	17.1926
Gothenborg	Malaga	14400	98.416
Gothenborg	Manchester	7200	78.9001
Gothenborg	Milan	8400	62.2335
Gothenborg	Pisa	9300	60.8516
Gothenborg	Prague	5700	41.1108
Gothenborg	Riga	5400	12.7908
Gothenborg	Stockholm	3900	16.7307
Gothenborg	Vienna	7200	66.8188
Gothenborg	Warsaw	6060	142.6756
Gothenborg	Zagreb	8400	64.5001
Hamburg	Alicante	11100	71.74
Hamburg	Bucharest	9300	239.99
Hamburg	Dublin	7500	19.99
Hamburg	Edinburgh	6600	41.39
Hamburg	Gdansk	4860	49.99
Hamburg	London	5400	41.99
Hamburg	Malaga	12300	95.99
Hamburg	Manchester	6300	48.76
Hamburg	Milan	6300	55.24
Hamburg	Porto	11100	102.59
Hamburg	Varna	10200	144.99
Helsinki	Alicante	16200	122.59
Helsinki	Brussels	10500	55.74
Helsinki	Kaunas	4800	33.49
Helsinki	London	11400	34.99
Helsinki	Milan	11400	25.99
Helsinki	Paris	11400	36.99
Helsinki	Poznan	6600	42.39
Helsinki	Riga	3900	21.24
Helsinki	Venice	10800	74.99
Helsinki	Warsaw	6300	48.99
Karlsruhe	Alicante	8700	22.99
Karlsruhe	Barcelona	6000	33.99
Karlsruhe	Bari	6900	24.39
Karlsruhe	Cagliari	6900	47.99
Karlsruhe	London	5400	20.99
Karlsruhe	Malaga	9900	21.99
Karlsruhe	Porto	9600	70.99
Karlsruhe	Sofia	8100	123.99
Karlsruhe	Stockholm	8400	61.99
Karlsruhe	Timisoara	7080	24.99
Karlsruhe	Valencia	7800	22.74
Karlsruhe	Varna	9720	24.99
Karlsruhe	Zagreb	5400	50.49
Katowice	Athens	8400	49.5242
Katowice	Barcelona	9840	25.3588
Katowice	Bristol	9240	36.0137
Katowice	Catania	9000	22.1623
Katowice	Cologne	6300	31.8881
Katowice	Dortmund	6300	36.0137
Katowice	Dublin	11100	140.4322
Katowice	Eindhoven	6660	25.3588
Katowice	Liverpool	9240	72.2406
Katowice	London	8700	41.3455
Katowice	Malmoe	5400	50.9307
Katowice	Manchester	9600	36.1501
Katowice	Milan	6300	15.5562
Katowice	Naples	7440	25.3588
Katowice	Oslo	8100	43.1201
Katowice	Venice	6000	55.3623
Kaunas	Alicante	14100	143.99
Kaunas	Bristol	10800	55.74
Kaunas	Brussels	8700	59.49
Kaunas	Cologne	7800	31.39
Kaunas	Copenhagen	5400	148.49
Kaunas	Dublin	11700	89.99
Kaunas	Edinburgh	10200	19.99
Kaunas	Eindhoven	8220	49.99
Kaunas	Gothenborg	5700	43.99
Kaunas	Helsinki	4800	18
Kaunas	Liverpool	10500	44.99
Kaunas	London	9900	85.99
Kaunas	Madrid	13800	38.99
Kaunas	Malaga	15600	84.39
Kaunas	Naples	9600	104.99
Kaunas	Stockholm	4800	32.99
Kaunas	Warsaw	3600	42.99
Kosice	Dublin	11100	193.99
Kosice	Liverpool	10800	14.99
Kosice	London	9300	52.99
Kosice	Prague	4500	48.99
Krakow	Alicante	12000	122.2677
Krakow	Ancona	6000	69.7004
Krakow	Athens	8400	67.9786
Krakow	Barcelona	9900	57.46
Krakow	Bari	6600	50.9307
Krakow	Belfast	10800	101.86
Krakow	Birmingham	9180	50.9307
Krakow	Bologna	6300	25.2224
Krakow	Bristol	9600	27.65
Krakow	Brussels	7200	43.3996
Krakow	Cagliari	8700	42.769
Krakow	Catania	8700	29.6208
Krakow	Copenhagen	6300	75.5947
Krakow	Dortmund	6300	22.5928
Krakow	Dublin	11100	50.4086
Krakow	Edinburgh	9900	158.9569
Krakow	Eindhoven	6900	74.4611
Krakow	Gdansk	4200	64.211
Krakow	Gothenborg	6900	77.7257
Krakow	Leeds	9300	130.2312
Krakow	Lille	7500	12.5728
Krakow	Lisbon	14700	95.2723
Krakow	Liverpool	9900	71.7185
Krakow	London	9300	45.32
Krakow	Madrid	12900	31.8626
Krakow	Malaga	13500	82.8955
Krakow	Manchester	9900	55.9172
Krakow	Marseille	8700	56.9145
Krakow	Milan	6300	16.8863
Krakow	Naples	6900	31.1529
Krakow	Newcastle	9600	80.9542
Krakow	Nice	7680	102.0744
Krakow	Nuernberg	5100	22.9657
Krakow	Palermo	8400	34.8161
Krakow	Paris	8400	18.85
Krakow	Pisa	6900	30.4817
Krakow	Porto	13500	66.5721
Krakow	Prague	3900	44.5377
Krakow	Riga	5700	38.2634
Krakow	Rome	6900	27.4898
Krakow	Sevilla	13500	67.9786
Krakow	Stockholm	7200	29.7337
Krakow	Szczecin	4500	11.0471
Krakow	Thessaloniki	6900	74.3716
Krakow	Turin	6600	46.609
Krakow	Valencia	11400	82.8955
Krakow	Venice	6000	50.9307
Krakow	Vienna	3900	65.8476
Leeds	Alicante	9900	160.8971
Leeds	Belfast	3900	56.89
Leeds	Bratislava	8700	21.6246
Leeds	Dublin	3600	41.2998
Leeds	Gdansk	7800	26.8067
Leeds	Krakow	8700	22.8196
Leeds	Malaga	10800	78.7809
Leeds	Poznan	7500	45.5381
Leeds	Riga	9600	27.3858
Leeds	Vilnius	9900	28.457
Leeds	Warsaw	8400	19.1194
Lille	Bordeaux	4800	30.15
Lille	Geneva	4800	88.65
Lille	Krakow	7500	20.39
Lille	Marseille	5700	43.11
Lille	Nice	6000	165.65
Lille	Porto	8400	71.99
Lille	Toulouse	5400	40.15
Lisbon	Amsterdam	11100	57.49
Lisbon	Barcelona	6300	40.99
Lisbon	Bologna	10200	136.19
Lisbon	Bordeaux	6600	31.99
Lisbon	Bristol	9300	67.49
Lisbon	Brussels	9900	217.99
Lisbon	Bucharest	15720	89.99
Lisbon	Budapest	13500	175.49
Lisbon	Cologne	11100	101.79
Lisbon	Dublin	10200	23.74
Lisbon	Edinburgh	11400	100.49
Lisbon	Eindhoven	10500	77.49
Lisbon	Geneva	9000	85.99
Lisbon	Krakow	14100	68.99
Lisbon	London	9600	31.39
Lisbon	Luxemburg	10200	45.49
Lisbon	Lyon	8400	16.99
Lisbon	Madrid	4500	32.99
Lisbon	Malaga	4740	34.99
Lisbon	Manchester	10800	49.49
Lisbon	Marseille	8400	26.24
Lisbon	Milan	10200	177.39
Lisbon	Nantes	7200	18.99
Lisbon	Naples	11100	72.99
Lisbon	Nice	8700	38.99
Lisbon	Paris	9000	100.49
Lisbon	Rome	10500	45.74
Lisbon	Sevilla	3840	20.99
Lisbon	Sofia	14760	129.99
Lisbon	Toulouse	6600	56.49
Lisbon	Valencia	6000	21.99
Lisbon	Venice	10800	36.99
Lisbon	Vienna	12300	133.99
Lisbon	Warsaw	14100	52.99
Liverpool	Alicante	9600	39.51
Liverpool	Amsterdam	4800	88.63
Liverpool	Antalya	15900	63.47
Liverpool	Barcelona	8400	75.3075
Liverpool	Belfast	3000	104.2
Liverpool	Brussels	4800	17.1164
Liverpool	Bucharest	12720	69.6015
Liverpool	Budapest	9960	49.06
Liverpool	Cluj-napoca	11460	14.8241
Liverpool	Dublin	3300	29.4471
Liverpool	Gdansk	8640	223.6628
Liverpool	Geneva	6600	45.51
Liverpool	Katowice	9240	25.0949
Liverpool	Kaunas	10200	33.012
Liverpool	Kosice	9600	104.7523
Liverpool	Krakow	9000	130.0848
Liverpool	Malaga	10500	197.64
Liverpool	Milan	7800	13.6908
Liverpool	Nice	8100	53.9
Liverpool	Paris	4800	11.4186
Liverpool	Poznan	7800	33.0832
Liverpool	Sofia	12000	64.8966
Liverpool	Stockholm	8700	50.8011
Liverpool	Szczecin	6900	20.1674
Liverpool	Varna	13620	79.8722
Liverpool	Vienna	8400	54.6479
Liverpool	Warsaw	9540	65.0367
Lodz	Dublin	10200	140.4322
Lodz	London	8400	44.5377
London	Alicante	9300	101.81
London	Amsterdam	4800	40.72
London	Ancona	7800	78.1604
London	Antalya	15600	87.43
London	Athens	13200	101.81
London	Barcelona	7200	33.53
London	Bari	9600	69.3162
London	Belfast	5400	45.51
London	Bilbao	7500	49.1
London	Bologna	7200	17.1065
London	Bordeaux	6000	33.53
London	Bratislava	7800	49.4936
London	Bremen	4800	106.1197
London	Bucharest	11100	47.9187
London	Budapest	8700	55.9071
London	Bydgoszcz	7500	21.1236
London	Cagliari	9600	78.1604
London	Catania	11400	53.9
London	Cluj-napoca	10560	29.6597
London	Cologne	4200	28.8038
London	Copenhagen	6000	164.3207
London	Debrecen	9780	59.3719
London	Dortmund	4500	39.9304
London	Dresden	6300	27.3773
London	Dublin	4500	30.8009
London	Dubrovnik	9900	61.08
London	Edinburgh	5400	39.52
London	Eindhoven	3900	191.5865
London	Gdansk	7200	28.8038
London	Geneva	6000	101.81
London	Genoa	7200	53.3679
London	Gothenborg	6300	53.6248
London	Hamburg	5400	93.3498
London	Helsinki	10200	82.1546
London	Karlsruhe	5100	35.3656
London	Katowice	7500	42.2353
London	Kaunas	9300	43.354
London	Krakow	8760	18.2477
London	Lisbon	9900	65.87
London	Lodz	7800	39.6451
London	Lublin	9300	109.3073
London	Luxemburg	4200	45.6364
London	Lyon	6000	39.51
London	Madrid	9000	412.7588
London	Malaga	10200	34.72
London	Marseille	6900	32.33
London	Milan	7200	34.2244
London	Nantes	5100	16.8212
London	Naples	9900	49.1
London	Nice	7500	70.66
London	Nimes	6900	45.6364
London	Nuernberg	6000	17.1164
London	Palermo	10500	49.06
London	Paris	4500	38.31
London	Perugia	8400	58.1895
London	Pisa	7800	35.3656
London	Plovdiv	11400	54.1954
London	Poitiers	5400	19.6171
London	Porto	8700	68.27
London	Poznan	6900	27.3773
London	Prague	6300	63.8955
London	Rennes	5100	47.9
London	Riga	9000	49.06
London	Rijeka	8400	56.763
London	Rome	8400	25.0788
London	Sevilla	9900	35.92
London	Sofia	11100	35.92
London	Split	9300	182.07
London	Stockholm	8400	55.6218
London	Szczecin	6300	38.7892
London	Tallinn	9600	85.5782
London	Thessaloniki	11400	54.8129
London	Timisoara	10080	25.1123
London	Toulouse	6300	135.36
London	Tours	4800	69.6015
London	Trieste	7500	71.8839
London	Turin	6600	44.267
London	Valencia	8700	169.9177
London	Varna	12720	278.6334
London	Venice	7500	71.86
London	Vienna	7800	27.8337
London	Vilnius	9600	33.012
London	Warsaw	7800	22.2419
London	Zagreb	8100	115.2493
London	Zaragoza	7800	90.8277
London	Zurich	6000	32.33
Lublin	Dublin	11700	38.2577
Lublin	Eindhoven	7740	25.3588
Lublin	Gdansk	3900	8.3109
Luxemburg	Barcelona	6900	28.19
Luxemburg	Dublin	6900	52.74
Luxemburg	Lisbon	10200	29.99
Luxemburg	London	4800	23.2
Luxemburg	Madrid	9000	57.99
Luxemburg	Marseille	5400	30.99
Luxemburg	Milan	4200	22.99
Luxemburg	Porto	9000	21.99
Luxemburg	Sevilla	10200	77.99
Lyon	Barcelona	4800	57.6
Lyon	Bordeaux	4200	34.1
Lyon	Bristol	6300	84.6
Lyon	Bucharest	9780	119.99
Lyon	Catania	7200	46.1
Lyon	Cluj-napoca	8820	79.99
Lyon	Copenhagen	7800	40.35
Lyon	Edinburgh	7800	34.6
Lyon	Lisbon	9000	265.85
Lyon	London	5700	165.6
Lyon	Nantes	4500	33.6
Lyon	Naples	6300	50.6
Lyon	Palermo	6600	54.1
Lyon	Porto	7800	37.6
Lyon	Rennes	4800	28.6
Lyon	Rome	5700	42.35
Lyon	Toulouse	3900	27.1
Lyon	Venice	4500	71.1
Madrid	Bari	10200	38.24
Madrid	Birmingham	9300	105.59
Madrid	Bologna	8400	27.99
Madrid	Bordeaux	4800	34.99
Madrid	Bristol	8100	52.99
Madrid	Brussels	8400	47.99
Madrid	Bucharest	13500	54.99
Madrid	Budapest	11700	48.99
Madrid	Cagliari	7200	48.99
Madrid	Catania	10140	54.74
Madrid	Cluj-napoca	12660	174.99
Madrid	Copenhagen	12000	52.99
Madrid	Dublin	9300	90.99
Madrid	Edinburgh	10800	60.99
Madrid	Eindhoven	9300	58.99
Madrid	Geneva	6900	42.49
Madrid	Kaunas	13800	60.49
Madrid	Krakow	12000	204.9
Madrid	Lisbon	5100	24.49
Madrid	London	9000	67.99
Madrid	Luxemburg	8700	37.64
Madrid	Manchester	9300	74.19
Madrid	Marseille	6300	20.55
Madrid	Milan	8400	24.24
Madrid	Naples	9300	28.19
Madrid	Palermo	9000	61.99
Madrid	Paris	7800	37.99
Madrid	Pisa	7800	152.99
Madrid	Porto	4500	30.99
Madrid	Prague	10200	111.99
Madrid	Rabat	6000	21.99
Madrid	Rome	9000	25.49
Madrid	Sofia	12600	61.99
Madrid	Timisoara	11820	89.99
Madrid	Turin	7500	28.99
Madrid	Venice	8700	48.37
Madrid	Vienna	10500	147.99
Madrid	Warsaw	12600	74.99
Malaga	Amsterdam	11400	81.99
Malaga	Barcelona	5700	26.74
Malaga	Belfast	11400	154.99
Malaga	Birmingham	10800	66.49
Malaga	Bologna	9600	59.99
Malaga	Bordeaux	6600	16.99
Malaga	Bristol	10200	49.49
Malaga	Brussels	9900	78.99
Malaga	Budapest	12000	135.99
Malaga	Cluj-napoca	13980	64.99
Malaga	Cologne	10740	85.99
Malaga	Copenhagen	13800	104.99
Malaga	Dublin	11100	128.99
Malaga	Edinburgh	12300	370.86
Malaga	Eindhoven	10500	83.99
Malaga	Geneva	8700	67.99
Malaga	Gothenborg	13800	36.24
Malaga	Hamburg	12300	280.36
Malaga	Karlsruhe	10500	58.99
Malaga	Kaunas	15300	89.99
Malaga	Krakow	13500	58.99
Malaga	Leeds	11400	21.99
Malaga	Lisbon	4500	27.99
Malaga	Liverpool	11100	34.49
Malaga	London	10200	34.99
Malaga	Manchester	11100	72.99
Malaga	Marseille	7200	52.99
Malaga	Milan	9300	20.99
Malaga	Naples	9900	33.99
Malaga	Newcastle	12000	29.49
Malaga	Nuernberg	10500	71.74
Malaga	Paris	9600	27.49
Malaga	Pisa	9000	124.99
Malaga	Porto	5400	40.39
Malaga	Rabat	3600	35.99
Malaga	Riga	15900	154.99
Malaga	Rome	9300	47.49
Malaga	Sofia	12600	83.49
Malaga	Stockholm	15300	154.99
Malaga	Turin	9000	32.29
Malaga	Valencia	3900	26.74
Malaga	Venice	9600	64.49
Malaga	Vienna	12000	42.99
Malaga	Warsaw	13800	102.99
Malaga	Zagreb	10500	38.49
Malmoe	Bucharest	9180	82.0221
Malmoe	Budapest	6780	142.4126
Malmoe	Cluj-napoca	7800	20.4355
Malmoe	Gdansk	3900	35.3004
Malmoe	Katowice	5400	14.8094
Malmoe	Stockholm	4800	28.5855
Malmoe	Warsaw	5160	81.8709
Malmoe	Zagreb	6900	73.624
Manchester	Alicante	9900	48.7747
Manchester	Amsterdam	4800	83.84
Manchester	Antalya	15600	207.23
Manchester	Athens	13800	270.72
Manchester	Barcelona	8400	192.8505
Manchester	Belfast	3300	83.84
Manchester	Bilbao	7200	29.94
Manchester	Bologna	8100	29.6597
Manchester	Bordeaux	6900	85.5782
Manchester	Bratislava	8400	120.9553
Manchester	Brussels	4800	38.7892
Manchester	Bucharest	12000	75.3075
Manchester	Budapest	9300	111.4397
Manchester	Cologne	5700	63.964
Manchester	Copenhagen	6900	32.33
Manchester	Dublin	3600	18.2477
Manchester	Dubrovnik	10800	132.95
Manchester	Eindhoven	5100	46.7776
Manchester	Gdansk	8100	115.2492
Manchester	Geneva	6900	413.28
Manchester	Gothenborg	6600	51.3424
Manchester	Hamburg	6000	28.63
Manchester	Katowice	8400	77.5898
Manchester	Krakow	8700	25.0949
Manchester	Lisbon	10200	199.6977
Manchester	Madrid	9300	22.8125
Manchester	Malaga	10800	125.77
Manchester	Marseille	7800	55.9071
Manchester	Milan	7800	39.0175
Manchester	Nantes	5400	11.4005
Manchester	Naples	10800	115.2493
Manchester	Nice	9000	55.09
Manchester	Paris	5400	27.54
Manchester	Pisa	8400	23.269
Manchester	Porto	8700	153.3766
Manchester	Poznan	7800	30.8009
Manchester	Prague	7500	88.63
Manchester	Riga	9600	117.606
Manchester	Rome	9600	72.4545
Manchester	Sevilla	10200	26.2361
Manchester	Sofia	12000	80.25
Manchester	Split	9900	67.07
Manchester	Thessaloniki	12600	331.81
Manchester	Valencia	9300	41.0716
Manchester	Venice	8100	17.1065
Manchester	Vienna	8700	45.6364
Manchester	Warsaw	9000	63.3249
Manchester	Zagreb	9000	17.1065
Marseille	Alicante	6000	48.99
Marseille	Bari	6300	51.99
Marseille	Bordeaux	4500	12.91
Marseille	Bristol	7200	28.2
Marseille	Brussels	6600	21.99
Marseille	Bucharest	9300	56.99
Marseille	Budapest	7200	39.99
Marseille	Dublin	9000	332.1
Marseille	Edinburgh	9000	82.24
Marseille	Eindhoven	6300	84.99
Marseille	Krakow	8400	60.99
Marseille	Lille	5700	39.59
Marseille	Lisbon	8400	26.99
Marseille	London	6600	29.2
Marseille	Luxemburg	5400	21.99
Marseille	Madrid	6240	25.99
Marseille	Malaga	7200	16.99
Marseille	Manchester	7800	19.99
Marseille	Milan	4200	62.99
Marseille	Nantes	5400	26.17
Marseille	Naples	5700	79.74
Marseille	Palermo	6000	58.49
Marseille	Paris	6000	36.07
Marseille	Porto	7800	30.99
Marseille	Prague	6900	74.99
Marseille	Rabat	8700	112.39
Marseille	Rome	5100	34.99
Marseille	Sevilla	7500	30.49
Marseille	Tours	4800	33.26
Marseille	Valencia	5100	23.39
Marseille	Venice	5100	32.99
Marseille	Vienna	6900	49.74
Milan	Alicante	7800	41.99
Milan	Amsterdam	7500	31.99
Milan	Athens	9000	25.99
Milan	Barcelona	5700	26.24
Milan	Bari	6000	24.99
Milan	Birmingham	7800	347.29
Milan	Bordeaux	5700	33.99
Milan	Bratislava	5100	14.19
Milan	Bristol	7440	46.99
Milan	Brussels	5400	63.49
Milan	Bucharest	7800	148.99
Milan	Budapest	5400	31.99
Milan	Cagliari	5400	62.14
Milan	Catania	6900	23.09
Milan	Cluj-napoca	7200	59.99
Milan	Cologne	5400	94.99
Milan	Copenhagen	7500	74.99
Milan	Dublin	9600	21.99
Milan	Edinburgh	9600	206.99
Milan	Eindhoven	6000	16.99
Milan	Gdansk	7500	59.59
Milan	Gothenborg	8400	41.37
Milan	Hamburg	6900	34.99
Milan	Helsinki	10800	106.29
Milan	Katowice	6000	42.99
Milan	Krakow	6300	48.99
Milan	Lisbon	10500	26.49
Milan	Liverpool	8400	35.99
Milan	London	7200	105.69
Milan	Luxemburg	5100	45.99
Milan	Madrid	8700	30.49
Milan	Malaga	9000	18.39
Milan	Manchester	8400	21.49
Milan	Marseille	4500	37.99
Milan	Nantes	6300	81.99
Milan	Naples	5100	36.07
Milan	Newcastle	8100	16.24
Milan	Palermo	6000	17.31
Milan	Paris	5100	55.99
Milan	Porto	9600	41.49
Milan	Poznan	6300	58.99
Milan	Prague	5100	38.99
Milan	Riga	9600	89.49
Milan	Sevilla	9300	33.24
Milan	Sofia	7500	19.99
Milan	Stockholm	9900	40.99
Milan	Tallinn	10800	39.99
Milan	Thessaloniki	7500	35.99
Milan	Timisoara	6000	24.1
Milan	Toulouse	5400	19.49
Milan	Valencia	6900	33.99
Milan	Vienna	4800	53.99
Milan	Vilnius	9300	174.99
Milan	Warsaw	7200	71.99
Milan	Zagreb	4500	14.59
Milan	Zaragoza	6900	118.24
Nantes	Dublin	6000	51.99
Nantes	Edinburgh	6600	65.99
Nantes	Geneva	4800	33.55
Nantes	Lisbon	7500	34.05
Nantes	London	4800	26.05
Nantes	Lyon	4500	27.55
Nantes	Manchester	5400	19.99
Nantes	Marseille	5400	42.89
Nantes	Milan	5700	36.55
Nantes	Nice	5700	29.05
Nantes	Porto	6000	101.05
Nantes	Rome	8100	27.55
Nantes	Sevilla	6900	73.49
Nantes	Toulouse	3900	32.55
Nantes	Valencia	6000	51.99
Naples	Amsterdam	9600	67.49
Naples	Athens	6000	31.49
Naples	Barcelona	7200	26.12
Naples	Bordeaux	8400	94.99
Naples	Bristol	10800	72.49
Naples	Brussels	8700	76.99
Naples	Bucharest	6900	36.49
Naples	Budapest	6000	186.99
Naples	Cagliari	4500	52.24
Naples	Catania	3900	120.49
Naples	Cluj-napoca	6840	24.99
Naples	Dublin	12300	59.74
Naples	Edinburgh	12300	63.99
Naples	Eindhoven	8700	122.39
Naples	Geneva	6600	168.99
Naples	Genoa	4800	183.69
Naples	Katowice	7440	39.99
Naples	Kaunas	9900	78.99
Naples	Krakow	6900	25.39
Naples	Lisbon	11700	135.99
Naples	London	10800	163.62
Naples	Lyon	6600	126.49
Naples	Madrid	9900	44.39
Naples	Malaga	10200	136.62
Naples	Manchester	10800	80.99
Naples	Marseille	6300	60.99
Naples	Milan	5400	20.06
Naples	Nice	5400	31.99
Naples	Nuernberg	6600	51.99
Naples	Palermo	3600	24.49
Naples	Paris	8400	183.49
Naples	Prague	6900	33.99
Naples	Sevilla	10500	42.99
Naples	Sofia	5700	14.99
Naples	Tallinn	12000	107.99
Naples	Thessaloniki	5400	38.99
Naples	Toulouse	7200	25.49
Naples	Trieste	4500	50.59
Naples	Turin	5400	30.79
Naples	Valencia	8100	67.49
Naples	Venice	4500	25.73
Naples	Vienna	6300	22.49
Naples	Warsaw	8400	70.99
Naples	Zagreb	4200	19.79
Newcastle	Alicante	10500	84.437
Newcastle	Belfast	3300	117.38
Newcastle	Bristol	3900	31.13
Newcastle	Dublin	4200	28.5185
Newcastle	Gdansk	7500	20.5301
Newcastle	Krakow	9300	43.354
Newcastle	Malaga	11100	111.2551
Newcastle	Milan	7800	35.3656
Newcastle	Riga	8400	73.0489
Nice	Amsterdam	7800	595.05
Nice	Barcelona	4500	59.55
Nice	Bordeaux	5100	30.05
Nice	Bristol	7800	57.55
Nice	Brussels	6000	52.55
Nice	Bucharest	9120	27.99
Nice	Budapest	6960	89.99
Nice	Dublin	9300	54.74
Nice	Edinburgh	9600	84.05
Nice	Geneva	3600	26.05
Nice	Krakow	7680	27.99
Nice	Lille	6000	37.05
Nice	Lisbon	9300	33.05
Nice	Liverpool	8400	45.55
Nice	London	7500	54.05
Nice	Manchester	8400	165.05
Nice	Nantes	5700	136.55
Nice	Naples	4800	33.05
Nice	Paris	5400	37.05
Nice	Porto	9000	77.55
Nice	Rennes	6600	28.55
Nice	Rome	4500	26.05
Nice	Sofia	8280	22.99
Nice	Toulouse	4200	36.05
Nice	Venice	4200	40.55
Nice	Vienna	6300	39.99
Nice	Warsaw	8580	59.99
Nimes	Brussels	6000	118.99
Nimes	Dublin	8700	64.99
Nimes	Edinburgh	8700	65.99
Nimes	London	6900	52.99
Nuernberg	Alicante	9600	79.49
Nuernberg	Barcelona	6900	52.99
Nuernberg	Bari	6600	51.99
Nuernberg	Bologna	4800	9.99
Nuernberg	Bucharest	8040	189.99
Nuernberg	Budapest	4800	26.49
Nuernberg	Cagliari	7200	49.99
Nuernberg	Cluj-napoca	6780	59.99
Nuernberg	Dublin	8700	30.99
Nuernberg	Krakow	5100	30.24
Nuernberg	London	6300	103.39
Nuernberg	Malaga	11100	120.99
Nuernberg	Naples	6600	55.74
Nuernberg	Sofia	7200	25.1
Nuernberg	Tallinn	8100	35.79
Nuernberg	Thessaloniki	7800	50.99
Nuernberg	Valencia	8700	50.99
Nuernberg	Varna	8880	24.99
Nuernberg	Venice	4500	16.49
Nuernberg	Vilnius	7500	42.39
Oslo	Gdansk	5880	50.6009
Oslo	Katowice	7200	29.9959
Oslo	Krakow	7980	25.2517
Oslo	Vilnius	6600	26.1129
Palermo	Amsterdam	11100	35.49
Palermo	Barcelona	6900	70.99
Palermo	Bari	3900	21.16
Palermo	Bologna	5100	26.39
Palermo	Brussels	9300	53.49
Palermo	Bucharest	7800	83.49
Palermo	Budapest	7200	38.24
Palermo	Cagliari	3900	52.79
Palermo	Cologne	9300	52.49
Palermo	Dublin	13500	24.99
Palermo	Edinburgh	13200	20.99
Palermo	Geneva	6900	193.49
Palermo	Genoa	5700	23.09
Palermo	Krakow	8700	59.74
Palermo	London	11400	70.34
Palermo	Lyon	6900	44.99
Palermo	Madrid	9900	32.24
Palermo	Marseille	6300	55.99
Palermo	Milan	6000	19.49
Palermo	Naples	3300	23.49
Palermo	Paris	9900	28.99
Palermo	Perugia	4800	46.19
Palermo	Pisa	4800	75.89
Palermo	Rome	4200	39.59
Palermo	Trieste	6000	100.53
Palermo	Turin	6600	133.09
Palermo	Valencia	7800	27.49
Palermo	Venice	6000	34.99
Paris	Alicante	7800	81.99
Paris	Barcelona	6300	50.99
Paris	Bari	8400	56.99
Paris	Belfast	6600	71.05
Paris	Bologna	5700	18.55
Paris	Bristol	4500	88.55
Paris	Bucharest	10860	27.99
Paris	Budapest	7800	38.99
Paris	Cagliari	7800	82.62
Paris	Catania	9900	36.55
Paris	Cluj-napoca	9660	174.99
Paris	Copenhagen	6900	120.05
Paris	Debrecen	8880	24.99
Paris	Dublin	6000	140.99
Paris	Edinburgh	6300	237.55
Paris	Gdansk	7920	24.99
Paris	Geneva	3900	52.55
Paris	Helsinki	10500	51.74
Paris	Krakow	8100	45.55
Paris	Lisbon	9000	21.99
Paris	Liverpool	4800	43.99
Paris	London	4500	36.55
Paris	Madrid	8400	168.55
Paris	Malaga	9300	47.99
Paris	Manchester	5100	63.55
Paris	Marseille	5400	12.09
Paris	Milan	5100	62.12
Paris	Naples	7500	71.05
Paris	Nice	5400	38.05
Paris	Palermo	8700	33.24
Paris	Pisa	6000	73.05
Paris	Porto	7800	14.99
Paris	Poznan	6600	55.99
Paris	Prague	5700	94.99
Paris	Rabat	10500	104.99
Paris	Riga	9300	36.79
Paris	Rome	7200	38.05
Paris	Sevilla	8700	78.99
Paris	Sofia	10440	34.99
Paris	Split	7500	152.8
Paris	Tallinn	10500	89.29
Paris	Thessaloniki	10200	116.89
Paris	Timisoara	9060	27.99
Paris	Toulouse	4500	43.55
Paris	Turin	5100	28.99
Paris	Valencia	7200	65.99
Paris	Venice	5700	35.99
Paris	Vienna	6900	89.49
Paris	Vilnius	9900	109.99
Paris	Warsaw	7800	20.49
Paris	Zagreb	6600	56.99
Paris	Zaragoza	6600	18.39
Perugia	Barcelona	6600	32.99
Perugia	Brussels	6900	56.99
Perugia	Bucharest	7200	61.99
Perugia	Cagliari	4200	69.29
Perugia	Catania	4800	14.99
Perugia	London	8700	82.62
Perugia	Palermo	4200	9.99
Perugia	Vienna	5400	52.99
Pisa	Barcelona	5100	80.99
Pisa	Bari	4800	49.49
Pisa	Bordeaux	6600	41.99
Pisa	Bristol	8400	22.49
Pisa	Brussels	6300	41.99
Pisa	Bucharest	7500	94.99
Pisa	Budapest	5700	25.12
Pisa	Cagliari	4200	39.59
Pisa	Catania	5940	119.99
Pisa	Dublin	10500	25.74
Pisa	Edinburgh	10500	19.99
Pisa	Eindhoven	6600	31.39
Pisa	Gdansk	7800	14.99
Pisa	Gothenborg	9000	9.99
Pisa	Krakow	6600	42.49
Pisa	London	8100	137.49
Pisa	Madrid	8700	120.99
Pisa	Malaga	9000	25.87
Pisa	Manchester	9600	58.49
Pisa	Palermo	4800	38.27
Pisa	Paris	6300	14.99
Pisa	Prague	5700	30.24
Pisa	Sevilla	9600	64.49
Pisa	Valencia	6900	133.99
Pisa	Vienna	5400	86.99
Pisa	Warsaw	7800	60.99
Plovdiv	Dublin	15000	69.99
Plovdiv	London	12600	96.79
Poitiers	Barcelona	4800	92.99
Poitiers	Edinburgh	6900	74.99
Poitiers	London	5100	38.99
Porto	Alicante	5700	44.99
Porto	Barcelona	6000	22.12
Porto	Bari	11100	87.99
Porto	Birmingham	8100	32.49
Porto	Bologna	9600	44.99
Porto	Bordeaux	6000	53.99
Porto	Bristol	7200	43.99
Porto	Brussels	9000	21.99
Porto	Budapest	12780	89.99
Porto	Cologne	9300	115.99
Porto	Copenhagen	12300	117.99
Porto	Dortmund	9900	48.99
Porto	Dublin	9000	117.99
Porto	Edinburgh	10200	53.99
Porto	Eindhoven	9000	89.49
Porto	Geneva	8100	88.49
Porto	Hamburg	11100	200.99
Porto	Karlsruhe	9600	93.49
Porto	Krakow	13200	83.49
Porto	Lille	8400	54.49
Porto	London	8700	62.99
Porto	Luxemburg	9000	28.87
Porto	Lyon	7500	35.49
Porto	Madrid	4500	18.99
Porto	Malaga	4800	16.99
Porto	Manchester	8700	19.99
Porto	Marseille	7200	19.99
Porto	Milan	9300	20.39
Porto	Nantes	5700	15.99
Porto	Nice	7500	23.99
Porto	Paris	8100	21.49
Porto	Prague	11700	129.99
Porto	Rennes	6900	20.49
Porto	Rome	9600	92.99
Porto	Sevilla	4200	23.39
Porto	Toulouse	6000	37.99
Porto	Tours	6900	41.37
Porto	Valencia	5100	36.99
Porto	Venice	9600	113.74
Porto	Vienna	11400	45.49
Porto	Warsaw	13500	98.99
Porto	Zurich	9300	19.49
Poznan	Alicante	12000	68.6136
Poznan	Birmingham	8700	11.2942
Poznan	Bristol	8400	58.9325
Poznan	Brussels	6300	54.6705
Poznan	Budapest	4800	12.5728
Poznan	Cagliari	9300	99.9434
Poznan	Dublin	9600	42.5431
Poznan	Edinburgh	8700	70.1096
Poznan	Eindhoven	5880	91.6872
Poznan	Helsinki	6600	23.2278
Poznan	Leeds	8100	46.6687
Poznan	Liverpool	8400	36.0137
Poznan	Manchester	8400	25.8937
Poznan	Milan	6300	20.4618
Poznan	Paris	7200	29.6208
Poznan	Rome	7500	42.5431
Poznan	Stockholm	6000	46.6687
Poznan	Venice	6000	16.236
Prague	Amsterdam	6000	25.69
Prague	Barcelona	8400	36.6624
Prague	Bari	6600	72.3032
Prague	Bordeaux	7800	53.7723
Prague	Bristol	8100	78.14
Prague	Brussels	5100	52.6599
Prague	Budapest	4200	75.9828
Prague	Catania	8700	102.1274
Prague	Copenhagen	5100	74.8798
Prague	Dublin	9300	151.055
Prague	Edinburgh	8700	48.4498
Prague	Geneva	7200	27
Prague	Gothenborg	6000	42.3363
Prague	Kosice	4200	66.9421
Prague	Krakow	3900	22.1497
Prague	London	6900	88.8094
Prague	Madrid	10500	48.41
Prague	Manchester	8100	91.89
Prague	Marseille	7200	73.1477
Prague	Naples	6900	50.0537
Prague	Paris	6000	82.9688
Prague	Pisa	5700	91.1876
Prague	Porto	12000	190.52
Prague	Riga	6600	79.2604
Prague	Rome	6000	104.1363
Prague	Turin	5700	91.1876
Prague	Varna	8100	25.5009
Prague	Venice	4740	50.6311
Rabat	Barcelona	7140	81.319
Rabat	Brussels	11400	45.2847
Rabat	London	11400	60.1721
Rabat	Madrid	6000	42.2887
Rabat	Malaga	3540	104.3199
Rabat	Marseille	8700	138.3057
Rabat	Paris	10800	61.0246
Rabat	Sevilla	3600	16.1914
Rennes	Geneva	5100	55.15
Rennes	London	4200	35.65
Rennes	Lyon	4800	37.15
Rennes	Nice	6600	41.65
Rennes	Porto	6600	34.15
Riga	Barcelona	12900	56.49
Riga	Bristol	11100	20.79
Riga	Brussels	9000	44.99
Riga	Cologne	8400	52.99
Riga	Dortmund	3120	79.99
Riga	Dublin	12000	61.99
Riga	Edinburgh	10500	9.99
Riga	Gothenborg	5400	30.99
Riga	Helsinki	3900	13.99
Riga	Krakow	6000	18.99
Riga	Leeds	10500	43.39
Riga	London	9900	95.99
Riga	Malaga	16800	30.99
Riga	Manchester	10800	69.99
Riga	Milan	9900	139.49
Riga	Newcastle	9000	30.49
Riga	Paris	9900	59.59
Riga	Prague	6900	91.74
Riga	Rome	10500	21.99
Riga	Stockholm	4200	32.99
Riga	Venice	9600	19.99
Riga	Vienna	7200	44.99
Riga	Warsaw	4800	29.99
Rijeka	Brussels	6600	70.99
Rijeka	London	8400	94.99
Rijeka	Stockholm	9000	64.99
Rome	Amsterdam	9300	40.24
Rome	Athens	7500	81.99
Rome	Barcelona	6300	24.24
Rome	Bari	3900	27.49
Rome	Bordeaux	7500	70.99
Rome	Bratislava	6000	16.99
Rome	Bristol	10500	105.99
Rome	Brussels	7800	36.99
Rome	Budapest	6120	49.99
Rome	Cagliari	3900	43.99
Rome	Catania	4800	47.84
Rome	Cluj-napoca	7020	79.99
Rome	Cologne	7500	45.37
Rome	Copenhagen	9900	53.99
Rome	Edinburgh	11700	42.19
Rome	Eindhoven	8400	26.55
Rome	Geneva	5400	36.49
Rome	Krakow	7200	102.79
Rome	Lisbon	11400	46.99
Rome	London	9600	64.99
Rome	Lyon	5700	33.99
Rome	Madrid	8700	23.24
Rome	Malaga	9900	70.99
Rome	Manchester	10200	115.99
Rome	Marseille	5400	21.99
Rome	Nantes	8700	88.24
Rome	Nice	4200	31.99
Rome	Palermo	3900	21.77
Rome	Paris	7500	41.99
Rome	Porto	10800	117.79
Rome	Poznan	7800	61.99
Rome	Prague	6600	105.39
Rome	Riga	11100	52.49
Rome	Sevilla	9900	47.99
Rome	Stockholm	11400	51.74
Rome	Tallinn	11700	72.59
Rome	Thessaloniki	6000	42.99
Rome	Toulouse	6600	50.19
Rome	Valencia	7500	142.94
Rome	Vienna	6300	20.79
Rome	Warsaw	8400	55.49
Rome	Zagreb	4800	83.99
Sevilla	Alicante	4500	21.4
Sevilla	Barcelona	6000	62.1
Sevilla	Bari	10500	41.99
Sevilla	Bologna	9300	53.99
Sevilla	Bordeaux	6300	52.99
Sevilla	Brussels	9900	30.99
Sevilla	Bucharest	14880	119.99
Sevilla	Cagliari	8100	46.49
Sevilla	Catania	9900	36.19
Sevilla	Cologne	10500	103.39
Sevilla	Dublin	10500	24.99
Sevilla	Edinburgh	11400	31.49
Sevilla	Eindhoven	10500	57.49
Sevilla	Geneva	8400	20.99
Sevilla	Krakow	12900	80.99
Sevilla	Lisbon	3600	22.99
Sevilla	London	9600	83.49
Sevilla	Luxemburg	9600	85.99
Sevilla	Manchester	10200	45.99
Sevilla	Marseille	7500	25.49
Sevilla	Milan	9300	41.99
Sevilla	Nantes	6900	60.99
Sevilla	Naples	9900	47.99
Sevilla	Paris	9000	42.99
Sevilla	Pisa	8700	47.99
Sevilla	Porto	4200	48.99
Sevilla	Rabat	3600	15.99
Sevilla	Rome	9000	32.1
Sevilla	Toulouse	6300	45.37
Sevilla	Turin	8400	47.99
Sevilla	Valencia	4200	23.6
Sevilla	Venice	9600	51.99
Sevilla	Vienna	12000	78.99
Sofia	Barcelona	10500	81.99
Sofia	Bari	4800	26.99
Sofia	Birmingham	12300	145.99
Sofia	Bologna	6600	19.24
Sofia	Bratislava	5700	37.99
Sofia	Brussels	9900	45.1205
Sofia	Bucharest	3300	69.99
Sofia	Budapest	4800	41.99
Sofia	Catania	6300	34.79
Sofia	Cologne	9600	87.59
Sofia	Copenhagen	9720	175.2432
Sofia	Dortmund	9300	50.2484
Sofia	Dublin	13800	55.99
Sofia	Edinburgh	13200	55.99
Sofia	Eindhoven	9900	48.99
Sofia	Geneva	8760	110.3553
Sofia	Karlsruhe	8700	65.59
Sofia	Lisbon	14760	64.85
Sofia	Liverpool	13800	132.99
Sofia	London	11700	89.99
Sofia	Madrid	13800	30.99
Sofia	Malaga	13800	67.99
Sofia	Manchester	13200	388.24
Sofia	Milan	7200	35.99
Sofia	Naples	5880	64.8827
Sofia	Nice	8280	89.9182
Sofia	Nuernberg	7500	19.19
Sofia	Paris	10800	27.99
Sofia	Rome	6900	23.19
Sofia	Valencia	11460	70.2472
Sofia	Varna	3300	29.99
Sofia	Venice	6600	35.99
Sofia	Vienna	5700	41.99
Sofia	Zagreb	5400	14.99
Split	Amsterdam	8400	49.36
Split	Bristol	9900	84.36
Split	Dublin	11100	89.99
Split	Geneva	6000	26.36
Split	London	9300	33.86
Split	Manchester	10500	85.36
Split	Paris	8100	124.86
Stockholm	Alicante	14400	67.9509
Stockholm	Barcelona	12600	50.2208
Stockholm	Bologna	10200	81.5114
Stockholm	Brussels	8100	53.2238
Stockholm	Budapest	8400	49.289
Stockholm	Cologne	7800	63.7571
Stockholm	Gdansk	4800	20.4051
Stockholm	Geneva	9900	54.18
Stockholm	Gothenborg	3900	55.2093
Stockholm	Karlsruhe	8400	39.9716
Stockholm	Kaunas	5100	39.0194
Stockholm	Krakow	6900	27.0056
Stockholm	Liverpool	9300	22.4664
Stockholm	London	9000	141.4569
Stockholm	Malaga	15900	47.133
Stockholm	Malmoe	4800	17.6695
Stockholm	Milan	9600	40.3602
Stockholm	Poznan	6000	18.5319
Stockholm	Riga	4500	26.3007
Stockholm	Rijeka	9600	77.2006
Stockholm	Rome	11400	25.0824
Stockholm	Tallinn	3900	65.0944
Stockholm	Thessaloniki	12000	77.8972
Stockholm	Venice	9600	37.1569
Stockholm	Vienna	8100	97.3836
Stockholm	Warsaw	6000	20.3944
Szczecin	Dublin	8400	44.5377
Szczecin	Krakow	3900	32.1119
Szczecin	Liverpool	7800	116.2516
Szczecin	London	6600	16.236
Szczecin	Warsaw	3600	55.0051
Tallinn	Barcelona	14100	84.99
Tallinn	Dublin	11400	33.99
Tallinn	London	10800	67.99
Tallinn	Milan	10800	66.49
Tallinn	Naples	12300	100.99
Tallinn	Nuernberg	8700	30.99
Tallinn	Paris	10500	274.99
Tallinn	Rome	11700	80.99
Tallinn	Stockholm	3900	68.99
Tallinn	Venice	10260	19.99
Tallinn	Vienna	8400	85.99
Thessaloniki	Bologna	6900	43.99
Thessaloniki	Bratislava	6300	32.99
Thessaloniki	Brussels	10800	27.37
Thessaloniki	Bucharest	4500	35.99
Thessaloniki	Budapest	5700	206.59
Thessaloniki	Dortmund	10200	23.24
Thessaloniki	Dublin	15000	102.62
Thessaloniki	Eindhoven	10800	83.99
Thessaloniki	Krakow	7200	70.99
Thessaloniki	London	12600	47.99
Thessaloniki	Manchester	13200	135.49
Thessaloniki	Milan	7800	48.99
Thessaloniki	Naples	5700	38.99
Thessaloniki	Nuernberg	8400	214.99
Thessaloniki	Paris	11100	89.24
Thessaloniki	Rome	6000	35.99
Thessaloniki	Stockholm	12600	96.09
Thessaloniki	Venice	6900	35.99
Thessaloniki	Vienna	6900	70.99
Thessaloniki	Warsaw	8400	70.99
Thessaloniki	Zagreb	6000	78.99
Timisoara	Barcelona	9660	24.2736
Timisoara	Bari	5220	65.2751
Timisoara	Bologna	5940	24.3097
Timisoara	Brussels	8400	50.9514
Timisoara	Karlsruhe	7080	65.2751
Timisoara	London	10080	91.7231
Timisoara	Madrid	11820	161.1793
Timisoara	Milan	6300	90.79
Timisoara	Paris	9060	79.4661
Timisoara	Rome	6180	120.5235
Timisoara	Valencia	10980	24.3043
Timisoara	Venice	5520	14.0746
Toulouse	Alicante	5400	51.49
Toulouse	Bristol	6900	28.5
Toulouse	Brussels	6300	114.99
Toulouse	Dublin	7800	35.99
Toulouse	Edinburgh	8700	71.99
Toulouse	Geneva	3900	27
Toulouse	Lille	5700	26
Toulouse	Lisbon	7200	32.49
Toulouse	London	6900	23.49
Toulouse	Lyon	3600	28.5
Toulouse	Milan	5400	12.99
Toulouse	Nantes	4200	43
Toulouse	Naples	6900	47.99
Toulouse	Nice	4200	35
Toulouse	Paris	5100	26
Toulouse	Porto	6000	26
Toulouse	Rome	6300	38.99
Toulouse	Sevilla	6300	37.99
Toulouse	Valencia	4800	23.99
Toulouse	Venice	6000	14.99
Tours	Dublin	6600	81.99
Tours	London	4800	29.39
Tours	Marseille	4500	34.09
Tours	Porto	7200	23.39
Trieste	Bari	4500	74.79
Trieste	Brussels	6300	71.99
Trieste	Cagliari	5400	34.09
Trieste	Catania	6000	47.07
Trieste	London	7800	122.49
Trieste	Naples	4200	35.64
Trieste	Palermo	5400	104.49
Trieste	Valencia	8100	16.99
Turin	Barcelona	5400	35.99
Turin	Bari	5700	24.33
Turin	Brussels	5400	134.49
Turin	Bucharest	8880	69.99
Turin	Cagliari	5100	81.46
Turin	Catania	6600	26.53
Turin	Cluj-napoca	7980	109.99
Turin	Copenhagen	7800	301.49
Turin	Dublin	9000	35.99
Turin	Edinburgh	9300	150.19
Turin	Krakow	6900	19.79
Turin	London	7200	105.74
Turin	Madrid	7500	38.99
Turin	Malaga	8400	100.49
Turin	Naples	5400	17.04
Turin	Palermo	6000	84.69
Turin	Paris	5700	37.99
Turin	Prague	5700	27.99
Turin	Sevilla	8400	18
Turin	Valencia	6300	56.74
Valencia	Bari	8700	25.74
Valencia	Bologna	6900	21.99
Valencia	Bordeaux	5100	27.99
Valencia	Bristol	9000	26.74
Valencia	Brussels	8700	29.79
Valencia	Bucharest	12540	89.99
Valencia	Budapest	10500	108.49
Valencia	Cagliari	6000	32.99
Valencia	Cluj-napoca	11880	119.99
Valencia	Cologne	9000	55.99
Valencia	Dublin	10500	116.49
Valencia	Edinburgh	11100	14.99
Valencia	Eindhoven	9300	53.99
Valencia	Gdansk	12300	78.99
Valencia	Geneva	6900	44.49
Valencia	Hamburg	10500	50.99
Valencia	Karlsruhe	7800	42.99
Valencia	Krakow	11400	102.99
Valencia	Lisbon	6000	55.99
Valencia	London	9000	14.99
Valencia	Malaga	4200	32.4
Valencia	Manchester	9300	145.49
Valencia	Marseille	5400	335.22
Valencia	Milan	6900	73.99
Valencia	Nantes	6300	58.99
Valencia	Naples	7500	36.99
Valencia	Nuernberg	8700	45.74
Valencia	Palermo	7500	47.99
Valencia	Paris	7800	240.72
Valencia	Pisa	6600	56.99
Valencia	Porto	5700	48.99
Valencia	Rome	7200	163.94
Valencia	Sevilla	4500	40.1
Valencia	Sofia	11460	99.99
Valencia	Timisoara	10980	119.99
Valencia	Toulouse	4200	23.99
Valencia	Trieste	8100	103.99
Valencia	Turin	6900	41.99
Valencia	Venice	7800	44.99
Valencia	Vienna	9600	60.99
Varna	Brussels	11100	25.1401
Varna	Cologne	10320	50.2853
Varna	Dortmund	10320	25.0177
Varna	Eindhoven	10980	25.1401
Varna	Hamburg	10200	130.2157
Varna	Karlsruhe	9720	25.1401
Varna	Liverpool	13620	35.4078
Varna	London	12720	161.2263
Varna	Nuernberg	8880	55.4238
Varna	Sofia	3300	57.59
Varna	Vienna	6600	20.24
Venice	Alicante	8400	41.99
Venice	Amsterdam	7500	31.49
Venice	Barcelona	6900	16.99
Venice	Bari	4500	24.19
Venice	Bordeaux	6600	31.99
Venice	Bristol	8700	33.24
Venice	Brussels	6000	25.49
Venice	Bucharest	7260	69.99
Venice	Budapest	4800	44.99
Venice	Cagliari	5400	36.29
Venice	Catania	6300	80.29
Venice	Cluj-napoca	6360	44.99
Venice	Copenhagen	7500	74.99
Venice	Edinburgh	9900	72.49
Venice	Eindhoven	6000	96.99
Venice	Gdansk	7800	30.39
Venice	Helsinki	10500	29.1
Venice	Katowice	5700	20.24
Venice	Krakow	5700	19.99
Venice	Lisbon	11400	44.99
Venice	London	8400	16.99
Venice	Lyon	5100	74.24
Venice	Madrid	9300	99.49
Venice	Malaga	9900	178.6
Venice	Manchester	9000	28.49
Venice	Marseille	5100	16.99
Venice	Naples	4500	42.89
Venice	Nice	4800	21.99
Venice	Nuernberg	4500	62.99
Venice	Palermo	5700	39.59
Venice	Paris	6900	40.49
Venice	Porto	10200	39.49
Venice	Poznan	6000	29.99
Venice	Riga	9300	51.99
Venice	Sevilla	10200	64.99
Venice	Sofia	6000	53.99
Venice	Stockholm	9600	41.99
Venice	Tallinn	10260	27.99
Venice	Thessaloniki	6300	12.99
Venice	Timisoara	5520	14.99
Venice	Toulouse	6300	19.99
Venice	Valencia	8100	58.49
Venice	Vienna	4500	67.99
Venice	Vilnius	8100	59.2
Venice	Warsaw	6600	33.99
Vienna	Alicante	10500	172.99
Vienna	Athens	7800	21.99
Vienna	Barcelona	8400	41.99
Vienna	Bari	5400	27.99
Vienna	Bologna	4800	39.99
Vienna	Bremen	6000	36.99
Vienna	Bristol	9000	84.49
Vienna	Brussels	6300	34.49
Vienna	Bucharest	5700	20.49
Vienna	Cagliari	7200	60.99
Vienna	Catania	7500	66.99
Vienna	Cologne	6000	33.62
Vienna	Dortmund	6000	54.74
Vienna	Dublin	10500	45.99
Vienna	Dubrovnik	4800	71.99
Vienna	Edinburgh	10200	305.99
Vienna	Eindhoven	6300	39.49
Vienna	Gdansk	5400	45.74
Vienna	Genoa	5400	31.99
Vienna	Gothenborg	7200	48.99
Vienna	Krakow	3600	27.99
Vienna	Lisbon	13200	39.79
Vienna	Liverpool	9600	24.99
Vienna	London	8400	41.99
Vienna	Madrid	11100	101.99
Vienna	Malaga	12000	87.49
Vienna	Manchester	9600	27.99
Vienna	Marseille	7200	287.99
Vienna	Milan	4800	25.99
Vienna	Naples	6000	48.99
Vienna	Nice	6300	29.99
Vienna	Paris	7200	27.49
Vienna	Perugia	5400	71.99
Vienna	Pisa	5400	20.99
Vienna	Porto	12600	51.49
Vienna	Riga	7200	37.79
Vienna	Rome	5700	108.62
Vienna	Sevilla	12000	47.99
Vienna	Sofia	6000	28.99
Vienna	Stockholm	8100	44.99
Vienna	Tallinn	8400	78.99
Vienna	Thessaloniki	6300	42.19
Vienna	Valencia	9600	105.39
Vienna	Varna	6300	19.99
Vienna	Venice	5400	33.99
Vienna	Vilnius	6600	56.99
Vienna	Warsaw	4800	78.99
Vienna	Zaragoza	9300	19.99
Vilnius	Athens	11400	48.99
Vilnius	Barcelona	12540	79.99
Vilnius	Birmingham	11400	47.99
Vilnius	Bremen	7200	106.99
Vilnius	Dortmund	7860	64.99
Vilnius	Dublin	12300	46.49
Vilnius	Eindhoven	8700	74.99
Vilnius	Gdansk	4200	24.99
Vilnius	Leeds	10500	44.99
Vilnius	London	10200	19.99
Vilnius	Milan	9300	99.99
Vilnius	Nuernberg	7500	40.99
Vilnius	Oslo	7200	20.79
Vilnius	Paris	10200	37.99
Vilnius	Venice	8400	32.99
Vilnius	Vienna	6600	93.99
Warsaw	Alicante	12900	122.7727
Warsaw	Athens	9600	44.5377
Warsaw	Barcelona	10800	36.1192
Warsaw	Bari	8040	25.4512
Warsaw	Birmingham	9900	50.6579
Warsaw	Bologna	7500	34.4176
Warsaw	Bristol	9900	34.0731
Warsaw	Brussels	7500	72.2406
Warsaw	Budapest	6000	35.0441
Warsaw	Cagliari	9600	44.5377
Warsaw	Catania	9900	38.6348
Warsaw	Cologne	6600	61.5856
Warsaw	Copenhagen	5340	21.1737
Warsaw	Dublin	11100	91.4195
Warsaw	Edinburgh	9720	46.8388
Warsaw	Eindhoven	7200	74.3716
Warsaw	Gothenborg	5700	50.9307
Warsaw	Helsinki	6900	43.4765
Warsaw	Kaunas	3600	53.0617
Warsaw	Leeds	9000	363.2422
Warsaw	Lisbon	15000	110.5984
Warsaw	Liverpool	10200	88.8793
Warsaw	London	8700	33.8827
Warsaw	Madrid	13500	63.1945
Warsaw	Malaga	14700	161.7421
Warsaw	Malmoe	5160	29.6208
Warsaw	Manchester	9600	40.2757
Warsaw	Milan	7500	33.8827
Warsaw	Naples	8400	70.1096
Warsaw	Nice	8580	66.0759
Warsaw	Paris	8400	44.2649
Warsaw	Pisa	7800	63.7166
Warsaw	Porto	14100	83.1214
Warsaw	Riga	4800	16.0938
Warsaw	Rome	8100	48.4374
Warsaw	Stockholm	6000	84.4831
Warsaw	Szczecin	3900	29.689
Warsaw	Thessaloniki	8100	63.7166
Warsaw	Venice	6600	65.8476
Warsaw	Vienna	4800	11.974
Zagreb	Bratislava	3300	50.99
Zagreb	Brussels	7200	38.99
Zagreb	Dortmund	6300	31.99
Zagreb	Dublin	10800	66.99
Zagreb	Eindhoven	6900	54.99
Zagreb	Gothenborg	8400	60.99
Zagreb	Karlsruhe	5400	15.74
Zagreb	London	9300	19.99
Zagreb	Malaga	11700	42.99
Zagreb	Malmoe	7200	70.99
Zagreb	Manchester	9900	52.99
Zagreb	Milan	4500	29.99
Zagreb	Naples	4800	38.99
Zagreb	Paris	7800	35.99
Zagreb	Rome	4800	52.99
Zagreb	Sofia	4500	52.99
Zagreb	Thessaloniki	5700	48.99
Zaragoza	Brussels	6900	32.99
Zaragoza	Bucharest	12360	174.99
Zaragoza	Cluj-napoca	11520	99.99
Zaragoza	London	7500	81.99
Zaragoza	Milan	6600	20.24
Zaragoza	Paris	6300	21.19
Zaragoza	Vienna	9300	161.74
Zurich	London	6000	50.59
Zurich	Porto	9300	71.6